step_size,solution,objective_value,iterations,converged,gradient_norm
0.01,0.999957,-0.500000,1000,False,4.32e-05
0.1,1.000000,-0.500000,175,True,9.83e-09
0.5,1.000000,-0.500000,27,True,7.45e-09
1.0,1.000000,-0.500000,1,True,0.00e+00
1.5,1.000000,-0.500000,27,True,7.45e-09
2.5,-123384059690617745524091335813180186890505789975305907992186675554099100089605560395688521301527760116788345515894979896207548805638009361768752272295676536457470613583575384064.000000,inf,1000,False,inf
